resume_text,evaluation
Michael Johnson has 10 years of experience in project management and agile methodologies. He has led multiple teams to successful project completions.,Excellent communication and problem-solving skills. Needs more technical training.
Chris Evans has experience in mobile app development using Swift and Kotlin. He has developed several successful apps.,Skilled in data analysis and visualization. Needs more experience in big data tools.
William King has experience in supply chain management and logistics. He has improved efficiency in various operations.,Efficient in supply chain management. Needs to gain experience in global logistics.
Isabella Clark is a talented graphic designer with experience in Adobe Creative Suite. She has worked on branding and marketing materials.,Strong statistical background and experience with machine learning. Needs more experience in deep learning.
Daniel Hall is a sales manager with a proven track record of achieving targets and leading successful sales teams.,Experienced in web development. Needs more experience in backend technologies.
Robert Martinez has experience in network administration and cybersecurity. He is skilled in configuring and maintaining network infrastructure.,Proven sales manager. Needs to improve digital sales skills.
"John Doe has 5 years of experience in software development with expertise in Python, Java, and C++. He has worked on several projects involving machine learning and data analysis.",Creative graphic designer. Needs to improve skills in motion graphics.
Jane Smith has a PhD in Computer Science and has published multiple papers on artificial intelligence. She is proficient in Python and has experience with neural networks.,Proven sales manager. Needs to improve digital sales skills.
William King has experience in supply chain management and logistics. He has improved efficiency in various operations.,Proficient in financial analysis. Needs more experience with portfolio management.
Daniel Hall is a sales manager with a proven track record of achieving targets and leading successful sales teams.,Strong experience in software development and machine learning. Lacks specific experience with TensorFlow.
"John Doe has 5 years of experience in software development with expertise in Python, Java, and C++. He has worked on several projects involving machine learning and data analysis.",Efficient in supply chain management. Needs to gain experience in global logistics.
Chris Evans has experience in mobile app development using Swift and Kotlin. He has developed several successful apps.,Experienced in web development. Needs more experience in backend technologies.
"John Doe has 5 years of experience in software development with expertise in Python, Java, and C++. He has worked on several projects involving machine learning and data analysis.",Strong business analysis skills. Needs more experience with financial modeling.
Sarah Anderson is a data scientist with a background in statistics. She has experience with machine learning algorithms and has worked with R and Python.,Strong UX/UI design skills. Needs to work on improving prototyping speed.
"John Doe has 5 years of experience in software development with expertise in Python, Java, and C++. He has worked on several projects involving machine learning and data analysis.",Strong background in digital marketing. Needs to develop skills in content creation.
David Wilson is a recent graduate with a degree in Electrical Engineering. He has experience with circuit design and embedded systems.,Strong statistical background and experience with machine learning. Needs more experience in deep learning.
Linda Thompson has 4 years of experience in financial analysis and investment strategies. She is proficient in financial modeling and has worked with various investment tools.,Proficient in financial analysis. Needs more experience with portfolio management.
Robert Martinez has experience in network administration and cybersecurity. He is skilled in configuring and maintaining network infrastructure.,Skilled in mobile app development. Needs to gain experience in cross-platform development.
Daniel Hall is a sales manager with a proven track record of achieving targets and leading successful sales teams.,Strong statistical background and experience with machine learning. Needs more experience in deep learning.
"James Taylor is a software engineer with experience in web development using JavaScript, HTML, and CSS. He has also worked with React and Node.js.",Proven leadership in project management. Needs to improve technical skills.
"Emily Davis has 3 years of experience in data analysis and visualization. She is skilled in using tools like Excel, Tableau, and SQL.",Strong UX/UI design skills. Needs to work on improving prototyping speed.
Chris Evans has experience in mobile app development using Swift and Kotlin. He has developed several successful apps.,Skilled in mobile app development. Needs to gain experience in cross-platform development.
Sarah Anderson is a data scientist with a background in statistics. She has experience with machine learning algorithms and has worked with R and Python.,Excellent academic background and strong experience in AI. Lacks industry experience.
David Wilson is a recent graduate with a degree in Electrical Engineering. He has experience with circuit design and embedded systems.,Skilled in network administration and cybersecurity. Needs more experience with cloud infrastructure.
Linda Thompson has 4 years of experience in financial analysis and investment strategies. She is proficient in financial modeling and has worked with various investment tools.,Excellent communication and problem-solving skills. Needs more technical training.
Henry White is an experienced mechanical engineer with expertise in CAD software and product design.,Excellent communication and problem-solving skills. Needs more technical training.
Jane Smith has a PhD in Computer Science and has published multiple papers on artificial intelligence. She is proficient in Python and has experience with neural networks.,Good academic background in Electrical Engineering. Lacks industry experience.
Linda Thompson has 4 years of experience in financial analysis and investment strategies. She is proficient in financial modeling and has worked with various investment tools.,Skilled in network administration and cybersecurity. Needs more experience with cloud infrastructure.
"Olivia Harris has a strong background in UX/UI design with proficiency in tools like Sketch, Figma, and Adobe XD.",Excellent academic background and strong experience in AI. Lacks industry experience.
Henry White is an experienced mechanical engineer with expertise in CAD software and product design.,Skilled in data analysis and visualization. Needs more experience in big data tools.
"James Taylor is a software engineer with experience in web development using JavaScript, HTML, and CSS. He has also worked with React and Node.js.",Experienced in web development. Needs more experience in backend technologies.
"Olivia Harris has a strong background in UX/UI design with proficiency in tools like Sketch, Figma, and Adobe XD.",Experienced in web development. Needs more experience in backend technologies.
Sarah Anderson is a data scientist with a background in statistics. She has experience with machine learning algorithms and has worked with R and Python.,Proficient in financial analysis. Needs more experience with portfolio management.
William King has experience in supply chain management and logistics. He has improved efficiency in various operations.,Strong experience in software development and machine learning. Lacks specific experience with TensorFlow.
"James Taylor is a software engineer with experience in web development using JavaScript, HTML, and CSS. He has also worked with React and Node.js.",Strong business analysis skills. Needs more experience with financial modeling.
William King has experience in supply chain management and logistics. He has improved efficiency in various operations.,Strong UX/UI design skills. Needs to work on improving prototyping speed.
Benjamin Walker is a business analyst with a strong background in data analytics and business intelligence tools.,Good academic background in Electrical Engineering. Lacks industry experience.
Henry White is an experienced mechanical engineer with expertise in CAD software and product design.,Strong UX/UI design skills. Needs to work on improving prototyping speed.
"Emily Davis has 3 years of experience in data analysis and visualization. She is skilled in using tools like Excel, Tableau, and SQL.",Good academic background in Electrical Engineering. Lacks industry experience.
Isabella Clark is a talented graphic designer with experience in Adobe Creative Suite. She has worked on branding and marketing materials.,Good background in environmental science. Needs to gain experience in renewable energy projects.
Henry White is an experienced mechanical engineer with expertise in CAD software and product design.,Strong statistical background and experience with machine learning. Needs more experience in deep learning.
Isabella Clark is a talented graphic designer with experience in Adobe Creative Suite. She has worked on branding and marketing materials.,Strong background in digital marketing. Needs to develop skills in content creation.
Michael Johnson has 10 years of experience in project management and agile methodologies. He has led multiple teams to successful project completions.,Proficient in financial analysis. Needs more experience with portfolio management.
Linda Thompson has 4 years of experience in financial analysis and investment strategies. She is proficient in financial modeling and has worked with various investment tools.,Proven sales manager. Needs to improve digital sales skills.
Benjamin Walker is a business analyst with a strong background in data analytics and business intelligence tools.,Proven leadership in project management. Needs to improve technical skills.
"Emily Davis has 3 years of experience in data analysis and visualization. She is skilled in using tools like Excel, Tableau, and SQL.",Proven leadership in project management. Needs to improve technical skills.
Benjamin Walker is a business analyst with a strong background in data analytics and business intelligence tools.,Good background in environmental science. Needs to gain experience in renewable energy projects.
Henry White is an experienced mechanical engineer with expertise in CAD software and product design.,Strong business analysis skills. Needs more experience with financial modeling.
Michael Johnson has 10 years of experience in project management and agile methodologies. He has led multiple teams to successful project completions.,Experienced in web development. Needs more experience in backend technologies.
Michael Johnson has 10 years of experience in project management and agile methodologies. He has led multiple teams to successful project completions.,Efficient in supply chain management. Needs to gain experience in global logistics.
Sarah Anderson is a data scientist with a background in statistics. She has experience with machine learning algorithms and has worked with R and Python.,Excellent academic background and strong experience in AI. Lacks industry experience.
Chris Evans has experience in mobile app development using Swift and Kotlin. He has developed several successful apps.,Skilled in mobile app development. Needs to gain experience in cross-platform development.
Jane Smith has a PhD in Computer Science and has published multiple papers on artificial intelligence. She is proficient in Python and has experience with neural networks.,Excellent academic background and strong experience in AI. Lacks industry experience.
Linda Thompson has 4 years of experience in financial analysis and investment strategies. She is proficient in financial modeling and has worked with various investment tools.,Good background in environmental science. Needs to gain experience in renewable energy projects.
Henry White is an experienced mechanical engineer with expertise in CAD software and product design.,Proven sales manager. Needs to improve digital sales skills.
Robert Martinez has experience in network administration and cybersecurity. He is skilled in configuring and maintaining network infrastructure.,Good background in environmental science. Needs to gain experience in renewable energy projects.
David Wilson is a recent graduate with a degree in Electrical Engineering. He has experience with circuit design and embedded systems.,Efficient in supply chain management. Needs to gain experience in global logistics.
Linda Thompson has 4 years of experience in financial analysis and investment strategies. She is proficient in financial modeling and has worked with various investment tools.,Proven leadership in project management. Needs to improve technical skills.
Benjamin Walker is a business analyst with a strong background in data analytics and business intelligence tools.,Experienced in mechanical engineering. Needs to gain experience in robotics.
"John Doe has 5 years of experience in software development with expertise in Python, Java, and C++. He has worked on several projects involving machine learning and data analysis.",Talented content writer. Needs to work on SEO optimization skills.
Henry White is an experienced mechanical engineer with expertise in CAD software and product design.,Skilled in data analysis and visualization. Needs more experience in big data tools.
"Emily Davis has 3 years of experience in data analysis and visualization. She is skilled in using tools like Excel, Tableau, and SQL.",Proficient in financial analysis. Needs more experience with portfolio management.
Sophia Lee has 5 years of experience in content writing and copywriting. She is skilled in creating engaging content for various audiences.,Skilled in network administration and cybersecurity. Needs more experience with cloud infrastructure.
David Wilson is a recent graduate with a degree in Electrical Engineering. He has experience with circuit design and embedded systems.,Strong UX/UI design skills. Needs to work on improving prototyping speed.
Laura Brown has 7 years of experience in digital marketing and SEO. She has managed multiple campaigns and increased organic traffic significantly.,Proven leadership in project management. Needs to improve technical skills.
Sarah Anderson is a data scientist with a background in statistics. She has experience with machine learning algorithms and has worked with R and Python.,Skilled in network administration and cybersecurity. Needs more experience with cloud infrastructure.
Laura Brown has 7 years of experience in digital marketing and SEO. She has managed multiple campaigns and increased organic traffic significantly.,Efficient in supply chain management. Needs to gain experience in global logistics.
"Olivia Harris has a strong background in UX/UI design with proficiency in tools like Sketch, Figma, and Adobe XD.",Excellent communication and problem-solving skills. Needs more technical training.
Linda Thompson has 4 years of experience in financial analysis and investment strategies. She is proficient in financial modeling and has worked with various investment tools.,Proven sales manager. Needs to improve digital sales skills.
Benjamin Walker is a business analyst with a strong background in data analytics and business intelligence tools.,Strong experience in software development and machine learning. Lacks specific experience with TensorFlow.
Laura Brown has 7 years of experience in digital marketing and SEO. She has managed multiple campaigns and increased organic traffic significantly.,Creative graphic designer. Needs to improve skills in motion graphics.
Laura Brown has 7 years of experience in digital marketing and SEO. She has managed multiple campaigns and increased organic traffic significantly.,Proficient in financial analysis. Needs more experience with portfolio management.
"Emily Davis has 3 years of experience in data analysis and visualization. She is skilled in using tools like Excel, Tableau, and SQL.",Proven sales manager. Needs to improve digital sales skills.
Michael Johnson has 10 years of experience in project management and agile methodologies. He has led multiple teams to successful project completions.,Skilled in network administration and cybersecurity. Needs more experience with cloud infrastructure.
Mia Young has a degree in environmental science and experience in sustainability projects.,Talented content writer. Needs to work on SEO optimization skills.
William King has experience in supply chain management and logistics. He has improved efficiency in various operations.,Excellent academic background and strong experience in AI. Lacks industry experience.
Isabella Clark is a talented graphic designer with experience in Adobe Creative Suite. She has worked on branding and marketing materials.,Proven leadership in project management. Needs to improve technical skills.
Jane Smith has a PhD in Computer Science and has published multiple papers on artificial intelligence. She is proficient in Python and has experience with neural networks.,Experienced in web development. Needs more experience in backend technologies.
Isabella Clark is a talented graphic designer with experience in Adobe Creative Suite. She has worked on branding and marketing materials.,Experienced in web development. Needs more experience in backend technologies.
Benjamin Walker is a business analyst with a strong background in data analytics and business intelligence tools.,Strong background in digital marketing. Needs to develop skills in content creation.
Michael Johnson has 10 years of experience in project management and agile methodologies. He has led multiple teams to successful project completions.,Skilled in network administration and cybersecurity. Needs more experience with cloud infrastructure.
"Olivia Harris has a strong background in UX/UI design with proficiency in tools like Sketch, Figma, and Adobe XD.",Strong experience in software development and machine learning. Lacks specific experience with TensorFlow.
Michael Johnson has 10 years of experience in project management and agile methodologies. He has led multiple teams to successful project completions.,Proven sales manager. Needs to improve digital sales skills.
David Wilson is a recent graduate with a degree in Electrical Engineering. He has experience with circuit design and embedded systems.,Talented content writer. Needs to work on SEO optimization skills.
Michael Johnson has 10 years of experience in project management and agile methodologies. He has led multiple teams to successful project completions.,Skilled in network administration and cybersecurity. Needs more experience with cloud infrastructure.
Henry White is an experienced mechanical engineer with expertise in CAD software and product design.,Good background in environmental science. Needs to gain experience in renewable energy projects.
Henry White is an experienced mechanical engineer with expertise in CAD software and product design.,Good academic background in Electrical Engineering. Lacks industry experience.
Chris Evans has experience in mobile app development using Swift and Kotlin. He has developed several successful apps.,Strong business analysis skills. Needs more experience with financial modeling.
Chris Evans has experience in mobile app development using Swift and Kotlin. He has developed several successful apps.,Strong experience in software development and machine learning. Lacks specific experience with TensorFlow.
Jane Smith has a PhD in Computer Science and has published multiple papers on artificial intelligence. She is proficient in Python and has experience with neural networks.,Strong UX/UI design skills. Needs to work on improving prototyping speed.
Mia Young has a degree in environmental science and experience in sustainability projects.,Good background in environmental science. Needs to gain experience in renewable energy projects.
Linda Thompson has 4 years of experience in financial analysis and investment strategies. She is proficient in financial modeling and has worked with various investment tools.,Skilled in mobile app development. Needs to gain experience in cross-platform development.
"Emily Davis has 3 years of experience in data analysis and visualization. She is skilled in using tools like Excel, Tableau, and SQL.",Skilled in data analysis and visualization. Needs more experience in big data tools.
Henry White is an experienced mechanical engineer with expertise in CAD software and product design.,Proven sales manager. Needs to improve digital sales skills.
Michael Johnson has 10 years of experience in project management and agile methodologies. He has led multiple teams to successful project completions.,Strong UX/UI design skills. Needs to work on improving prototyping speed.
Isabella Clark is a talented graphic designer with experience in Adobe Creative Suite. She has worked on branding and marketing materials.,Excellent academic background and strong experience in AI. Lacks industry experience.
Alice Moore has 2 years of experience in customer service and support. She is excellent at communication and problem-solving.,Experienced in mechanical engineering. Needs to gain experience in robotics.
Chris Evans has experience in mobile app development using Swift and Kotlin. He has developed several successful apps.,Good academic background in Electrical Engineering. Lacks industry experience.
Robert Martinez has experience in network administration and cybersecurity. He is skilled in configuring and maintaining network infrastructure.,Strong UX/UI design skills. Needs to work on improving prototyping speed.
Robert Martinez has experience in network administration and cybersecurity. He is skilled in configuring and maintaining network infrastructure.,Creative graphic designer. Needs to improve skills in motion graphics.
Linda Thompson has 4 years of experience in financial analysis and investment strategies. She is proficient in financial modeling and has worked with various investment tools.,Skilled in network administration and cybersecurity. Needs more experience with cloud infrastructure.
"James Taylor is a software engineer with experience in web development using JavaScript, HTML, and CSS. He has also worked with React and Node.js.",Strong UX/UI design skills. Needs to work on improving prototyping speed.
Laura Brown has 7 years of experience in digital marketing and SEO. She has managed multiple campaigns and increased organic traffic significantly.,Excellent communication and problem-solving skills. Needs more technical training.
Benjamin Walker is a business analyst with a strong background in data analytics and business intelligence tools.,Excellent academic background and strong experience in AI. Lacks industry experience.
Daniel Hall is a sales manager with a proven track record of achieving targets and leading successful sales teams.,Strong UX/UI design skills. Needs to work on improving prototyping speed.
Sarah Anderson is a data scientist with a background in statistics. She has experience with machine learning algorithms and has worked with R and Python.,Strong experience in software development and machine learning. Lacks specific experience with TensorFlow.
Henry White is an experienced mechanical engineer with expertise in CAD software and product design.,Strong statistical background and experience with machine learning. Needs more experience in deep learning.
Daniel Hall is a sales manager with a proven track record of achieving targets and leading successful sales teams.,Experienced in web development. Needs more experience in backend technologies.
Henry White is an experienced mechanical engineer with expertise in CAD software and product design.,Good academic background in Electrical Engineering. Lacks industry experience.
"Olivia Harris has a strong background in UX/UI design with proficiency in tools like Sketch, Figma, and Adobe XD.",Excellent communication and problem-solving skills. Needs more technical training.
Henry White is an experienced mechanical engineer with expertise in CAD software and product design.,Strong background in digital marketing. Needs to develop skills in content creation.
David Wilson is a recent graduate with a degree in Electrical Engineering. He has experience with circuit design and embedded systems.,Skilled in network administration and cybersecurity. Needs more experience with cloud infrastructure.
"James Taylor is a software engineer with experience in web development using JavaScript, HTML, and CSS. He has also worked with React and Node.js.",Experienced in mechanical engineering. Needs to gain experience in robotics.
Benjamin Walker is a business analyst with a strong background in data analytics and business intelligence tools.,Good background in environmental science. Needs to gain experience in renewable energy projects.
Jane Smith has a PhD in Computer Science and has published multiple papers on artificial intelligence. She is proficient in Python and has experience with neural networks.,Skilled in mobile app development. Needs to gain experience in cross-platform development.
David Wilson is a recent graduate with a degree in Electrical Engineering. He has experience with circuit design and embedded systems.,Strong business analysis skills. Needs more experience with financial modeling.
Isabella Clark is a talented graphic designer with experience in Adobe Creative Suite. She has worked on branding and marketing materials.,Proven leadership in project management. Needs to improve technical skills.
Robert Martinez has experience in network administration and cybersecurity. He is skilled in configuring and maintaining network infrastructure.,Skilled in network administration and cybersecurity. Needs more experience with cloud infrastructure.
Robert Martinez has experience in network administration and cybersecurity. He is skilled in configuring and maintaining network infrastructure.,Experienced in web development. Needs more experience in backend technologies.
Robert Martinez has experience in network administration and cybersecurity. He is skilled in configuring and maintaining network infrastructure.,Skilled in data analysis and visualization. Needs more experience in big data tools.
Alice Moore has 2 years of experience in customer service and support. She is excellent at communication and problem-solving.,Strong statistical background and experience with machine learning. Needs more experience in deep learning.
Laura Brown has 7 years of experience in digital marketing and SEO. She has managed multiple campaigns and increased organic traffic significantly.,Experienced in mechanical engineering. Needs to gain experience in robotics.
Mia Young has a degree in environmental science and experience in sustainability projects.,Strong UX/UI design skills. Needs to work on improving prototyping speed.
Chris Evans has experience in mobile app development using Swift and Kotlin. He has developed several successful apps.,Strong UX/UI design skills. Needs to work on improving prototyping speed.
Michael Johnson has 10 years of experience in project management and agile methodologies. He has led multiple teams to successful project completions.,Excellent academic background and strong experience in AI. Lacks industry experience.
Linda Thompson has 4 years of experience in financial analysis and investment strategies. She is proficient in financial modeling and has worked with various investment tools.,Efficient in supply chain management. Needs to gain experience in global logistics.
Sarah Anderson is a data scientist with a background in statistics. She has experience with machine learning algorithms and has worked with R and Python.,Experienced in web development. Needs more experience in backend technologies.
Henry White is an experienced mechanical engineer with expertise in CAD software and product design.,Strong experience in software development and machine learning. Lacks specific experience with TensorFlow.
"John Doe has 5 years of experience in software development with expertise in Python, Java, and C++. He has worked on several projects involving machine learning and data analysis.",Excellent communication and problem-solving skills. Needs more technical training.
Sophia Lee has 5 years of experience in content writing and copywriting. She is skilled in creating engaging content for various audiences.,Experienced in mechanical engineering. Needs to gain experience in robotics.
Jane Smith has a PhD in Computer Science and has published multiple papers on artificial intelligence. She is proficient in Python and has experience with neural networks.,Excellent communication and problem-solving skills. Needs more technical training.
Robert Martinez has experience in network administration and cybersecurity. He is skilled in configuring and maintaining network infrastructure.,Efficient in supply chain management. Needs to gain experience in global logistics.
Daniel Hall is a sales manager with a proven track record of achieving targets and leading successful sales teams.,Strong background in digital marketing. Needs to develop skills in content creation.
Daniel Hall is a sales manager with a proven track record of achieving targets and leading successful sales teams.,Creative graphic designer. Needs to improve skills in motion graphics.
Daniel Hall is a sales manager with a proven track record of achieving targets and leading successful sales teams.,Talented content writer. Needs to work on SEO optimization skills.
Isabella Clark is a talented graphic designer with experience in Adobe Creative Suite. She has worked on branding and marketing materials.,Experienced in mechanical engineering. Needs to gain experience in robotics.
Alice Moore has 2 years of experience in customer service and support. She is excellent at communication and problem-solving.,Strong statistical background and experience with machine learning. Needs more experience in deep learning.
Robert Martinez has experience in network administration and cybersecurity. He is skilled in configuring and maintaining network infrastructure.,Creative graphic designer. Needs to improve skills in motion graphics.
Alice Moore has 2 years of experience in customer service and support. She is excellent at communication and problem-solving.,Proficient in financial analysis. Needs more experience with portfolio management.
David Wilson is a recent graduate with a degree in Electrical Engineering. He has experience with circuit design and embedded systems.,Creative graphic designer. Needs to improve skills in motion graphics.
David Wilson is a recent graduate with a degree in Electrical Engineering. He has experience with circuit design and embedded systems.,Experienced in mechanical engineering. Needs to gain experience in robotics.
Benjamin Walker is a business analyst with a strong background in data analytics and business intelligence tools.,Strong background in digital marketing. Needs to develop skills in content creation.
Henry White is an experienced mechanical engineer with expertise in CAD software and product design.,Strong background in digital marketing. Needs to develop skills in content creation.
Laura Brown has 7 years of experience in digital marketing and SEO. She has managed multiple campaigns and increased organic traffic significantly.,Skilled in data analysis and visualization. Needs more experience in big data tools.
Robert Martinez has experience in network administration and cybersecurity. He is skilled in configuring and maintaining network infrastructure.,Creative graphic designer. Needs to improve skills in motion graphics.
Robert Martinez has experience in network administration and cybersecurity. He is skilled in configuring and maintaining network infrastructure.,Skilled in mobile app development. Needs to gain experience in cross-platform development.
Isabella Clark is a talented graphic designer with experience in Adobe Creative Suite. She has worked on branding and marketing materials.,Talented content writer. Needs to work on SEO optimization skills.
Robert Martinez has experience in network administration and cybersecurity. He is skilled in configuring and maintaining network infrastructure.,Good background in environmental science. Needs to gain experience in renewable energy projects.
William King has experience in supply chain management and logistics. He has improved efficiency in various operations.,Experienced in web development. Needs more experience in backend technologies.
Alice Moore has 2 years of experience in customer service and support. She is excellent at communication and problem-solving.,Skilled in data analysis and visualization. Needs more experience in big data tools.
Benjamin Walker is a business analyst with a strong background in data analytics and business intelligence tools.,Strong UX/UI design skills. Needs to work on improving prototyping speed.
Sarah Anderson is a data scientist with a background in statistics. She has experience with machine learning algorithms and has worked with R and Python.,Proficient in financial analysis. Needs more experience with portfolio management.
Sarah Anderson is a data scientist with a background in statistics. She has experience with machine learning algorithms and has worked with R and Python.,Skilled in mobile app development. Needs to gain experience in cross-platform development.
Alice Moore has 2 years of experience in customer service and support. She is excellent at communication and problem-solving.,Excellent academic background and strong experience in AI. Lacks industry experience.
Chris Evans has experience in mobile app development using Swift and Kotlin. He has developed several successful apps.,Proficient in financial analysis. Needs more experience with portfolio management.
Benjamin Walker is a business analyst with a strong background in data analytics and business intelligence tools.,Experienced in web development. Needs more experience in backend technologies.
Sarah Anderson is a data scientist with a background in statistics. She has experience with machine learning algorithms and has worked with R and Python.,Strong background in digital marketing. Needs to develop skills in content creation.
Benjamin Walker is a business analyst with a strong background in data analytics and business intelligence tools.,Proficient in financial analysis. Needs more experience with portfolio management.
Sarah Anderson is a data scientist with a background in statistics. She has experience with machine learning algorithms and has worked with R and Python.,Skilled in mobile app development. Needs to gain experience in cross-platform development.
Sarah Anderson is a data scientist with a background in statistics. She has experience with machine learning algorithms and has worked with R and Python.,Experienced in web development. Needs more experience in backend technologies.
Sophia Lee has 5 years of experience in content writing and copywriting. She is skilled in creating engaging content for various audiences.,Strong UX/UI design skills. Needs to work on improving prototyping speed.
Henry White is an experienced mechanical engineer with expertise in CAD software and product design.,Efficient in supply chain management. Needs to gain experience in global logistics.
Sarah Anderson is a data scientist with a background in statistics. She has experience with machine learning algorithms and has worked with R and Python.,Creative graphic designer. Needs to improve skills in motion graphics.
Sophia Lee has 5 years of experience in content writing and copywriting. She is skilled in creating engaging content for various audiences.,Talented content writer. Needs to work on SEO optimization skills.
Alice Moore has 2 years of experience in customer service and support. She is excellent at communication and problem-solving.,Creative graphic designer. Needs to improve skills in motion graphics.
Daniel Hall is a sales manager with a proven track record of achieving targets and leading successful sales teams.,Strong statistical background and experience with machine learning. Needs more experience in deep learning.
Henry White is an experienced mechanical engineer with expertise in CAD software and product design.,Talented content writer. Needs to work on SEO optimization skills.
Chris Evans has experience in mobile app development using Swift and Kotlin. He has developed several successful apps.,Talented content writer. Needs to work on SEO optimization skills.
Alice Moore has 2 years of experience in customer service and support. She is excellent at communication and problem-solving.,Proven leadership in project management. Needs to improve technical skills.
William King has experience in supply chain management and logistics. He has improved efficiency in various operations.,Skilled in network administration and cybersecurity. Needs more experience with cloud infrastructure.
"Emily Davis has 3 years of experience in data analysis and visualization. She is skilled in using tools like Excel, Tableau, and SQL.",Skilled in mobile app development. Needs to gain experience in cross-platform development.
Michael Johnson has 10 years of experience in project management and agile methodologies. He has led multiple teams to successful project completions.,Excellent academic background and strong experience in AI. Lacks industry experience.
Alice Moore has 2 years of experience in customer service and support. She is excellent at communication and problem-solving.,Experienced in mechanical engineering. Needs to gain experience in robotics.
Michael Johnson has 10 years of experience in project management and agile methodologies. He has led multiple teams to successful project completions.,Good background in environmental science. Needs to gain experience in renewable energy projects.
Linda Thompson has 4 years of experience in financial analysis and investment strategies. She is proficient in financial modeling and has worked with various investment tools.,Talented content writer. Needs to work on SEO optimization skills.
Michael Johnson has 10 years of experience in project management and agile methodologies. He has led multiple teams to successful project completions.,Proven sales manager. Needs to improve digital sales skills.
David Wilson is a recent graduate with a degree in Electrical Engineering. He has experience with circuit design and embedded systems.,Excellent communication and problem-solving skills. Needs more technical training.
Sarah Anderson is a data scientist with a background in statistics. She has experience with machine learning algorithms and has worked with R and Python.,Strong background in digital marketing. Needs to develop skills in content creation.
"John Doe has 5 years of experience in software development with expertise in Python, Java, and C++. He has worked on several projects involving machine learning and data analysis.",Strong business analysis skills. Needs more experience with financial modeling.
Laura Brown has 7 years of experience in digital marketing and SEO. She has managed multiple campaigns and increased organic traffic significantly.,Efficient in supply chain management. Needs to gain experience in global logistics.
Benjamin Walker is a business analyst with a strong background in data analytics and business intelligence tools.,Strong UX/UI design skills. Needs to work on improving prototyping speed.
Chris Evans has experience in mobile app development using Swift and Kotlin. He has developed several successful apps.,Proficient in financial analysis. Needs more experience with portfolio management.
"John Doe has 5 years of experience in software development with expertise in Python, Java, and C++. He has worked on several projects involving machine learning and data analysis.",Strong experience in software development and machine learning. Lacks specific experience with TensorFlow.
Linda Thompson has 4 years of experience in financial analysis and investment strategies. She is proficient in financial modeling and has worked with various investment tools.,Proven sales manager. Needs to improve digital sales skills.
"John Doe has 5 years of experience in software development with expertise in Python, Java, and C++. He has worked on several projects involving machine learning and data analysis.",Skilled in mobile app development. Needs to gain experience in cross-platform development.
"Olivia Harris has a strong background in UX/UI design with proficiency in tools like Sketch, Figma, and Adobe XD.",Excellent communication and problem-solving skills. Needs more technical training.
Michael Johnson has 10 years of experience in project management and agile methodologies. He has led multiple teams to successful project completions.,Proven leadership in project management. Needs to improve technical skills.
William King has experience in supply chain management and logistics. He has improved efficiency in various operations.,Strong background in digital marketing. Needs to develop skills in content creation.
"Olivia Harris has a strong background in UX/UI design with proficiency in tools like Sketch, Figma, and Adobe XD.",Experienced in web development. Needs more experience in backend technologies.
"Olivia Harris has a strong background in UX/UI design with proficiency in tools like Sketch, Figma, and Adobe XD.",Skilled in mobile app development. Needs to gain experience in cross-platform development.
Benjamin Walker is a business analyst with a strong background in data analytics and business intelligence tools.,Good academic background in Electrical Engineering. Lacks industry experience.
Robert Martinez has experience in network administration and cybersecurity. He is skilled in configuring and maintaining network infrastructure.,Experienced in mechanical engineering. Needs to gain experience in robotics.
"James Taylor is a software engineer with experience in web development using JavaScript, HTML, and CSS. He has also worked with React and Node.js.",Proven leadership in project management. Needs to improve technical skills.
Benjamin Walker is a business analyst with a strong background in data analytics and business intelligence tools.,Creative graphic designer. Needs to improve skills in motion graphics.
Benjamin Walker is a business analyst with a strong background in data analytics and business intelligence tools.,Strong experience in software development and machine learning. Lacks specific experience with TensorFlow.
"Emily Davis has 3 years of experience in data analysis and visualization. She is skilled in using tools like Excel, Tableau, and SQL.",Creative graphic designer. Needs to improve skills in motion graphics.
Benjamin Walker is a business analyst with a strong background in data analytics and business intelligence tools.,Proven sales manager. Needs to improve digital sales skills.
Laura Brown has 7 years of experience in digital marketing and SEO. She has managed multiple campaigns and increased organic traffic significantly.,Strong experience in software development and machine learning. Lacks specific experience with TensorFlow.
Laura Brown has 7 years of experience in digital marketing and SEO. She has managed multiple campaigns and increased organic traffic significantly.,Proficient in financial analysis. Needs more experience with portfolio management.
Michael Johnson has 10 years of experience in project management and agile methodologies. He has led multiple teams to successful project completions.,Proven sales manager. Needs to improve digital sales skills.
